alemannic={
	color= hsv{ 0.0 0.47 0.70 }
	religion = protestant
	traits = { german_speaking swiss european_heritage }
	male_common_first_names={
		mr_achilles Adolf mr_adolph mr_adrian mr_albrecht Alexander mr_alfred mr_alfons Antoine Anton mr_arnold Augustus Augusto Albert Andreas Ambros Alois
		mr_beat Benedicht Bernhard
		Carl mr_carl_eduard mr_carl_gustav Charles Christoph Christian Constant CA_sar Carl-Friedrich
		Damian mr_david Dominik
		mr_edmond Eduard Ernst Eugen mr_eugene Emmanuel Emil Enrico Ernst_August
		Friedrich Franz mr_frederic Flavio Florian Franz Franz_Xaver mr_fridolin
		Gall Gabriel Gustav Gottfried mr_gotthold Georg Gottlieb
		Hans mr_hans_georg mr_heiner Heinrich Hermann Hugo
		mr_ignaz Imbert
		Johann mr_johann_jacob Jakob mr_james mr_jaques mr_jean_jaques mr_johann_wilhelm Joseph Josef Johann_Baptist Johann_Konrad Johann_Peter mr_johannes mr_jonas mr_jorg Jakob_Christoph mr_jurg
		Kajetan mr_karl Kaspar mr_kilian Klemens Konrad Konstantin
		Leo Louis Ludwig
		Manfred Marc mr_marcel mr_matthias Martin mr_max Melchior Moritz
		Nazar Nikolaus
		mr_oscar Oswald Otto
		Paul Peter Placidus Philipp
		mr_raphaeel mr_reto mr_richard Robert Rudolf
		Samuel Severin Silvan mr_silvio Stephan
		Theodor mr_thomas
		mr_ueli Ulrich mr_urs
		Walter mr_werner Wilhelm mr_willy Wolfgang
		Xavier
	}
	female_common_first_names = {
		mr_adele mr_amalia mr_anais mr_angela mr_anita Anna
		Barbara mr_bertha
		mr_celine mr_charlotte mr_clara
		mr_elisabeth Emilie mr_emily mr_emma mr_erna mr_esther
		mr_flurina mr_frieda
		Gertrud Germaine
		mr_heidi Henriette
		mr_ida mr_iris Isabelle
		Johanna mr_josephine Julie
		mr_laura mr_leonie mr_louise mr_lucia Lydia
		mr_margarethe Maria mr_marie mr_martha mr_martina mr_meta mr_minna
		mr_rosa Rosalie mr_rosina
		mr_selma mr_serafina mr_sophie
		mr_therese
		mr_verena
	}	
	noble_last_names = { # mostly patrician families of Bern
		mr_a_marca mr_ab_yberg mr_abis mr_achermann_ab_ennerberg mr_am_rhyn mr_am_stad mr_aregger_von_wildensteg mr_arnold_von_spiringen mr_aspermont mr_auf_der_maur
		mr_bavier mr_beeli mr_belmont mr_bernoulli mr_besenwal mr_bessler mr_blosch mr_bodmer mr_bonstetten mr_brugger mr_bruegger mr_brun mr_brumsi mr_burckhardt mr_burkli mr_bueler mr_buol von_Bonstetten von_BU_ren von_Bergmann
		mr_cabalzar mr_capol mr_caprez mr_castelberg mr_castelmur mr_caviezel mr_chiffelle mr_crivelli mr_cron
		mr_dachselhofer von_Donatz mr_durler
		Effinger mr_ehrenfels mr_enderlin mr_escher mr_escher_vom_glas mr_escher_vom_luchs von_Erlach
		mr_falck mr_flisch_von_scheidt mr_frauenberg mr_frey mr_frey_herose mr_frolich von_Frisching
		von_Graffenried mr_geiger mr_glutz mr_goldlin_von_tiefenau mr_goldschmid mr_graf mr_graviseth mr_grimm_von_wartenfels mr_gugelberg_von_moos mr_guler von_Hettlingen
		mr_hafner mr_haldenstein mr_hegner mr_hettlinger mr_hirzel mr_holzhalb mr_hunerwadel mr_hunger mr_hunziker
		mr_im_thurn mr_imer mr_imhof mr_in-albon mr_iselin
		mr_jauch mr_jecklin mr_jenatsch mr_jenner mr_jochberg mr_juvalt
		mr_kaufmann mr_keller_vom_steinbock mr_kilchsperger mr_kuon
		mr_landenberg mr_landolt mr_latour Lentulus mr_leuw mr_liechtenhan Lombach mr_lusser mr_lussi von_Ligerz
		mr_manuel mr_marmels May mr_mayr_von_baldegg mr_meiss mr_merian mr_meyer mr_meyer_von_knonau mr_meyer_von_schauensee mr_michel_von_schwertschwendi mr_mohr mr_montalt mr_mossu mr_mulner von_Muelinen von_Muralt
		mr_nageli mr_necker
		mr_oeri mr_orelli
		mr_pestalozzi mr_peyer_im_hof mr_peyer_mit_den_wecken mr_pfyffer_von_altishofen mr_planta mr_preiswerk mr_puntener
		mr_rascher mr_reding mr_ringg_von_baldenstein mr_ringier mr_rosenroll mr_roten mr_rothpletz mr_rudellad mr_ruhenberg von_Reding-Biberegg von_RU_pplin
		mr_salis mr_sarasin mr_schauenstein mr_schlumberger mr_schmuziger mr_schmid_von_bellikon mr_schmid_von_der_kugel mr_schnyder_von_wartensee mr_schorsch
		mr_schwytzer_von_Buonas mr_segesser_von_brunegg mr_senn mr_seyler mr_spengler mr_sprecher_von_bernegg mr_staehelin mr_steiger_von_rolle
		mr_steiner mr_stockalper mr_stockar_von_neunforn mr_strauss mr_stricker mr_sulzer mr_supersaxo mr_surbeck mr_sutter von_Salis-Soglio von_Steiger von_Schorno von_Streng
		mr_tanner mr_travers mr_troger mr_tscharner mr_thut von_Tavel von_Thurn
		mr_ubercastel mr_unterwegen
		mr_varnbuler mr_voitel mr_vom_staal mr_von_arx mr_von_balthasar mr_von_beroldingen von_Bonstetten mr_von_der_weid mr_von_diesbach
		mr_von_fulach von_Graffenried mr_vischer mr_von_hallwyl mr_von_hartmann mr_von_hertenstein mr_von_kellern mr_von_kessler mr_von_luternau
		mr_von_mandach mr_von_meiss mr_von_meyenburg mr_von_riedmatten mr_von_roll mr_von_ruttimann mr_von_spiegelberg mr_von_stokar mr_von_streng mr_von_sury mr_von_vigier mr_von_waldkirch von_Wattenwyl von_Weber
		mr_wallier mr_weber mr_werdmuller mr_wyttenbach
		Zehender mr_ziegler mr_zimmermann mr_zellweger mr_zollikofer_von_altenklingen mr_zumbrunnen mr_zurlauben mr_zur_gilgen mr_zurcher mr_zweyer_von_evenbach
	}
	common_last_names={
		mr_abderhalden Ador Anderwert Angehrn Altwegg Aepli
		Brenner BA_chtold Bacher BlO_sch Barblan Balmer Bodenheimer Bitzius Burren Benzinger BU_eler Bachmann Bamert Bettschart Binzegger
		mr_baggi mr_betschart mr_blaser mr_bonetti mr_bossy mr_buchli mr_burki mr_bustelli
		Calonder Camenzind Castell mr_coaz Corrodi mr_cramer
		mr_disteli Deucher DA_hler Dieth Dinkelmann DU_rrenmatt DU_ggelin Dumelin
		mr_eder mr_ehrensberger mr_emmenegger
		Enderlin ElsA_sser Eggenschwyler Eggli Eberle Etter Egloff
		mr_flach mr_forrer mr_frei
		Fassbind Fornerod Funk mr_furrer Freyenmuth
		mr_germann mr_gruber mr_glarner
		mr_haldemann mr_holzherr mr_huber mr_hunsperger
		Haab Haller mr_heer Hegglin Henggeler Herzog HU_gelberger
		Iten
		mr_jacobi Jaggi mr_jucker
		mr_kaser mr_keller Knusel mr_kohler Kuoni Kurz KlA_y KO_nitzer KU_ndig KA_lin
		mr_laimbacher mr_lardon mr_leu
		Leinert Loosli Lindt Lienhard Lohner Litschi Loser Labhardt Leutenegger
		Marti mr_maurer mr_meier mr_meister Merz Mettler mr_messikommer Meyer Minder mr_mockli Moos Morel Morgenthaler Motta mr_muller Munzinger Moser MO_rikofer
		Naff mr_naegeli mr_niederer mr_niklaus Nussbaumer
		Oethiker mr_ochsenbein Ochsner
		mr_piccard
		mr_rikli RA_z mr_roschi mr_roth mr_rufenacht mr_rutimeyer Ritschard Ruoss Rogenmoser Ruckstuhl Reutlinger Roth
		mr_salzmann mr_schlapfer mr_schlatter mr_schmid mr_sempach mr_siegenthaler mr_stamm mr_stampfli mr_stehlin mr_studer mr_stucki mr_sutter Schneider de_Staeel Siegwart-Muller Stutz Streiff StA_mpfli Stockmar Schneider Schurer SchA_r Simonin Stutzer Steinegger Styger Sidler Schwerzmann Sulzberger Scherb
		mr_thomann mr_thommen mr_tommen mr_thurneysen Tschudi Tschiemer Theiler Trinkler
		mr_ulmer Usteri
		mr_venetz mr_vogel mr_vogt ValA_r Villiger
		mr_wanner mr_wehrli mr_wenger mr_wernli mr_wicki mr_widmer mr_wildermuth Wille Wyss Wynistorf Willi Winet Wiss mr_wolf
		Zeni Zeerleder Ziltener mr_zuberbuehler ZU_rcher
	}
	graphics = european
	ethnicities = {
		1 = caucasian
	}
}

francoprovencal = {
	color= rgb{ 158 41 12 }
	religion = catholic
	traits = { francophone swiss european_heritage }

	male_common_first_names = {
		mr_adolphe mr_albert mr_alexandre mr_alexis mr_alphonse mr_alphonse_pyrame mr_andre mr_antoine mr_auguste AmE_dE_ AntouE_no Anjo Adrien Armand Andre
		BarthE_lemy BernA_rd 
		Charles mr_claude mr_charles_jules mr_charles_louis ChA_rlo CE_sA_r 
		mr_eugene Eduard E_douard E_manuE_l mr_emile Ercole Ernest E_tiE_no
		mr_francois mr_frederic Franc_E_s Felipo Fabien FE_rnand
		mr_gerard Guillaume mr_gustave GaspA_r GllO_do GuelyO_mo Gabriel Gaston
		Henri mr_henri_francois Hildebrand Hugo Hiacinte
		mr_isaac mr_james mr_jean_francois mr_jean_jacob mr_jean_jaques mr_jean_pierre mr_jules Jian Justo JosE_t JosE_t-Marie Jules JA_que JO_rjo Jian-E_tiE_no
		mr_lambert mr_leonard Louis Laurence LE_O_
		mr_maurice mr_marcel mr_maximilien mr_michel Martin Michel MO_ris Marc Marius
		NicolA_s
		mr_oscar O_gusto
		mr_pierre mr_pierre_elie PO_l Pierro
		mr_raphaeel mr_raymond mr_rolin mr_richard Roberto RenE_ Rogi_E_r
		Simon Sandro
		mr_theodore Tom_A_s
		Victor VA_rtiE_r
	}
	female_common_first_names = {
		mr_adele mr_alice mr_aline mr_anais mr_angela Adelayida Ana
		BE_atriz Bianca BE_rta
		mr_camille mr_celine mr_charlotte Cristina
		Denise
		Emilie
		FE_dE_rica FelibE_rta
		Germaine GabriE_la GllO_dina Guila
		Henriette
		Isabelle
		mr_josephine Julie JiA_na
		mr_laura mr_leonie mr_louise_lucrece mr_lucia Louise LE_onora LO_ra
		mr_marguerite mr_marie mr_marie_blanche Maria MargarE_ta
		O_rE_lie
		Rosalie
		mr_sarah mr_sophie Sara
		mr_therese
		Yolanda
	}
	noble_last_names = {
		mr_allet
		mr_bergier mr_bugnion mr_burnat
		mr_de_blonay mr_de_candolle mr_de_mieville mr_de_praroman mr_de_preux mr_de_pury mr_de_raemy mr_de_ratze mr_de_reynold mr_de_reyff mr_de_rich mr_de_sacconay
		mr_de_saydor mr_de_schroeter mr_de_techtermann mr_de_tiefenthal mr_de_vevey mr_de_weck mr_de_werro mr_demont mr_du_dyn mr_du_paquier
		mr_frey_herose
		mr_griset_de_forel mr_guiger_de_prangins
		mr_latour mr_lullin
		mr_rilliet mr_rosselet-dit-charpillod
		mr_sarasin mr_seigneux mr_socin
		mr_voitel
		mr_wavre
	}
	common_last_names = {
		Ansermet Anthonioz Addor Aynard Ambuel Asperlin mr_aspermont Agodino Auberjonois
		mr_bandelier mr_bavier Blavignac mr_belmont Berlioz Burdet Baud Balavoine Boissonnas Bret Beller Bornens Brand mr_bridel Bal Baizelon Berthoz Bornichet Buffat BiO_rd Blatter BurcA_rd
		Chappuis Chappaz Combaz Choisy Christen Charvaz Catagnolaz Cattin Calliaz Chatagnat Cognac Colletaz Corchier Curtenaz Curial CO_rtecuisse Clerc Chaudet Comtesse
		Dunant Deletraz Deruaz Ducroz Dupraz Darier Destraz Denkinger Duckert Dorz Decurninge Desgrande DiE_moz Demotz Dufour
		Elzingre Epelly Esquillan Eigler
		Fritz Fabri mr_favre Fournier Ferrier Franchet Fumaz Fornerod Fogliardi
		mr_gillieron Girardin Gotteland Gaillard Goth Genequand Guillot Gonnet Gaydioz Godet Gustaz Grainez Gachet Gendre Goddet Gonod Guonoz GO_chat Guisan
		Hugonnin Hirschgartner
		Jaquet Jacottet Jacquier Josseron Journal Justiniani Jardinier Jost Jordan Jans Jeanjaquet Jolissaint
		Keller
		Lenoir Lucas Lacombe Laplace Laperiere Laravoire Lucendre LE_pine LiotA_rd
		Morand Mugnier Martin Matossi Maystre Muller Mermillod Machard Maillet Messiez Metraz Michard Molaz Morel Mortmard Moyriaz ME_rmelyO_d
		Nicoud Neyret
		Ostervald
		Pernoud Personnaz mr_piccard mr_pittier Poulin PagE_t Parenthoux Pellet Pernod Pochon
		Quillot
		Ronjat Riond Rivollet Roehrich Rochat Roten Ruffinen Rosand Roloz Ramuz Ruchet Ruchonnet
		Saillet Samoens SursE_x SolA_r Sache Saunier Sermet Squilian Sonzhon
		Thomas Tronchin Tissot Taninge Tasso Tappolet Truffier
		Vittoz Vaucher Vulliet Vallette VeiniE_ Vincent Vionnet Viviant Voisin
		mr_advocat #Needs to be merged at some point...
		mr_chambrier
		mr_chevrolet
		mr_chiffelle
		mr_d_alt
		mr_d_allinges
		mr_d_affry
		mr_d_amman
		mr_d_englisberg
		mr_d_odet
		mr_dachselhofer
		mr_de_bellevaux
		mr_de_boccard
		mr_de_bourgknecht
		mr_de_buman
		mr_de_castella
		mr_de_chambrier
		mr_de_courten
		mr_de_crousaz
		mr_de_diesbach
		mr_de_duens
		mr_de_faucigny
		mr_de_fegely
		mr_de_gady
		de_Gingins
		mr_girard
		mr_girardin
		mr_de_gottrau
		de_Goumoeens
		mr_de_lanthen-heid
		mr_de_lenzbourg
		mr_de_maillardoz
		mr_de_mestral
		mr_de_meuron
		mr_de_montenach
		de_Prangins
		mr_aubert
		Chaudet
		Comtesse
		mr_druey
		Dufour
		mr_favre
		mr_fazy
		Guisan
		mr_lardon
		mr_mandrot
		mr_meli
		mr_meuron
		mr_morandi
		mr_piccard
		mr_pictet
		mr_pury
		mr_rochat
		Ruchet
		Ruchonnet
		mr_sandoz
		mr_secretan
		mr_sellon
		de_Staeel
		mr_viollier
	}

	ethnicities = {
		1 = caucasian
	}
	graphics = european
}

ticinese={
	color= { 57 140 75 }
	religion = catholic
	traits = { italophone swiss european_heritage }

	obsessions = {
		wine
	}

	male_common_first_names={
		mr_adolfo
		mr_agostino
		mr_andrea
		mr_angelo
		mr_angiolo
		mr_antonio
		Augusto
		mr_bartolomeo
		mr_carlo
		mr_eligio
		Enrico
		Flavio
		mr_francesco
		mr_giacobbo
		mr_giacomo
		mr_giorgio
		mr_giovanni
		Giuseppe
		mr_lodovico
		mr_luigi
		mr_martino
		mr_pascale
		mr_pietro
		mr_pierino
		mr_pio
		mr_rocco
		mr_silvio
		mr_simone
		mr_stanislao
		mr_stefano
		mr_taddeo
		Vincenzo
	}
	female_common_first_names = {
		mr_alfonsina
		mr_alina
		mr_angela
		mr_angelica
		mr_caterina
		mr_carolina
		mr_elena
		mr_giulietta
		mr_laura
		mr_lucia
		Maria
		mr_martina
		mr_rosa
		mr_teresa
	}
	noble_last_names = {
		mr_a_marca
		mr_bernoulli
		mr_crivelli
		mr_de_boccard
		mr_florin
		mr_orelli
		mr_pestalozzi
		mr_ruinelli
		mr_scarpatetti
		mr_stoppani
		mr_torricelli
		mr_visetti
	}
	common_last_names={
		mr_amadio
		mr_andreazzi
		mr_bonetti
		mr_bruni
		mr_bustelli
		mr_cantoni
		Celio
		mr_chiesa
		mr_cometta
		Cotti
		Fogliardi
		mr_franscini
		mr_giacometti
		mr_mazio
		Motta
		mr_paravincini
		mr_pedrazzini
		mr_pometta
		mr_rusca
		mr_scolar
		mr_soldati
		mr_soldini
		mr_somazzi
		mr_taddei
		mr_tatti
		mr_varrone
		mr_veladini
	}
	graphics = european
	ethnicities = {
		1 = caucasian
	}
}

rumantsch={
	color= { 120 140 140 }
	religion = protestant
	traits = { dufour_alpine_romance swiss european_heritage }
	male_common_first_names={
		mr_adam
		mr_alesch
		mr_andri
		mr_andrin
		mr_badin
		mr_barclamiu
		mr_bengiamin
		mr_bistgaun
		mr_cassian
		mr_chasper
		mr_cornel
		mr_corsin
		mr_curdin
		mr_dumeng
		mr_duri
		mr_durs
		mr_fadri
		mr_flurin
		mr_giachen
		mr_gian
		mr_gianrico
		mr_gieri
		mr_gion
		mr_giosch
		mr_giusep
		mr_godenzi
		mr_hercli
		mr_jachen
		mr_jero
		mr_jonin
		mr_jori
		mr_joeri
		mr_jovin
		mr_juli
		mr_laurin
		mr_linard
		mr_liun
		mr_londer
		mr_luregn
		mr_lurin
		mr_maurin
		mr_mian
		mr_mudest
		mr_niculin
		mr_pirmin
		mr_rageth
		mr_ramon
		mr_ramun
		mr_rato
		mr_reto
		mr_rinaldo
		mr_ruinell
		mr_ruosch
		mr_savin
		mr_sereno
		mr_silvan
		mr_steivan
		mr_ursin
		mr_tschander
		mr_tumasch
		mr_vigeli
		mr_viturin
		mr_zander
	}
	female_common_first_names = {
		mr_aita
		mr_andrina
		mr_annigna
		mr_barlamina
		mr_bigna
		mr_blanka
		mr_chatrina
		mr_cilgia
		mr_dorela
		mr_emerita
		mr_flurina
		mr_gelgia
		mr_gianna
		mr_giuanna
		mr_giulitta
		mr_inglina
		mr_jelscha
		mr_jori
		mr_juli
		mr_ladina
		mr_laraina
		mr_laura
		mr_lole
		mr_madlaina
		mr_mengia
		mr_mierta
		mr_nanina
		mr_neisina
		mr_nescha
		mr_onna
		mr_paluongia
		mr_rosina
		mr_serafina
		mr_seraina
		mr_severine
		mr_ursina
		mr_ursulina
		mr_varena
	}
	noble_last_names = {
		mr_buol
		mr_castelberg
		mr_castelmur
		mr_caviezel
		mr_danz
		mr_donatz
		mr_genatsch
		mr_jenatsch
		mr_planta
		mr_prevost
		mr_salis
		mr_saluz
		mr_travers
		mr_valar
		mr_von_porta
		mr_von_somvig
	}
	common_last_names={
		mr_barbeisch
		mr_battalaua
		mr_bellvatsch
		mr_caderas
		mr_caflisch
		Calonder
		mr_caluoster
		mr_camenisch
		mr_cantieni
		mr_caramamma
		mr_chandan
		mr_condrau
		mr_conrad
		mr_davatz
		mr_digaun
		mr_faver
		mr_fawonn
		mr_gambalonga
		mr_gorf
		mr_grisenti
		mr_gujan
		mr_kuoni
		mr_liver
		mr_maissen
		mr_palolli
		mr_parler
		mr_saratz
		mr_schucan
		mr_stuorn
		mr_sudrell
		mr_tognola
		mr_tondury
		mr_tschavoll
		mr_tschegn
		mr_vieli
		mr_vincenz
	}
	graphics = european
	ethnicities = {
		1 = caucasian
	}
}